Month,"[iqss_sponsored] Wall Hours: Per Job"
2024-01,0.00861111
2024-02,0.00844444
2024-03,0.00891667
2024-04,0.00863889
2024-05,5.32113095
2024-06,10.46697400
2024-07,8.00742593
2024-08,1.50694444
2024-09,0.00875000
